module_id,title,sub_title,linked_type,order_no,status,created_at,updated_at
2,"{""en"": ""Basic Description"", ""es"": ""Descripción Básica""}","{""en"": ""."", ""es"": "".""}",3,3,1,2017-09-09 13:05:37.0,2018-09-18 19:50:18.0
6,"{""en"": ""Sizes"", ""es"": ""Tallas""}","{""en"": ""Female sizes"", ""es"": ""Tallas femeninas""}",3,4,1,2017-10-11 15:47:27.0,2018-09-18 19:52:10.0
8,"{""en"": ""Physique"", ""es"": ""Contextura Física""}","{""en"": ""Select the correct measurement"", ""es"": ""Seleccione la medida correcta""}",3,5,1,2017-12-03 19:01:55.0,2018-09-27 19:39:07.0
9,"{""en"": ""Costume sizes"", ""es"": ""Tallas de vestuario""}","{""en"": ""Male sizes"", ""es"": ""Tallas masculinas""}",3,228,1,2017-12-08 16:45:57.0,2018-09-27 19:39:11.0
10,"{""en"": ""Modeling types & Specialities"", ""es"": ""Tipos y Especialidades de modelaje""}","{""en"": ""Select one or more option"", ""es"": ""Selecciona una o más opción""}",3,229,1,2017-12-08 19:41:36.0,2018-09-27 19:39:11.0
11,"{""en"": ""Vocal Characteristics"", ""es"": ""Características Vocales""}","{""en"": ""."", ""es"": "".""}",3,230,1,2018-01-14 21:30:37.0,2018-09-27 19:39:11.0
12,"{""en"": ""Additional Information"", ""es"": ""Información Adicional""}","{""en"": ""."", ""es"": "".""}",3,234,1,2018-01-18 20:37:10.0,2018-09-27 19:39:11.0
13,"{""en"": ""Unique Traits"", ""es"": ""Rasgos Únicos""}","{""en"": ""."", ""es"": "".""}",3,231,1,2018-02-01 19:39:44.0,2020-11-10 18:55:27.0
14,"{""en"": ""Aerial Photography Information"", ""es"": ""Información de Fotografía Aérea""}","{""en"": ""."", ""es"": "".""}",3,232,1,2018-02-01 20:18:46.0,2020-11-10 18:55:26.0
15,"{""en"": ""Musical Details"", ""es"": ""Detalles Musicales""}","{""en"": ""."", ""es"": "".""}",3,227,1,2018-03-14 14:23:39.0,2020-11-10 18:56:31.0
16,"{""en"": ""Artistic Information"", ""es"": ""Información Artística""}","{""en"": ""."", ""es"": "".""}",3,1,1,2018-04-11 19:22:06.0,2020-11-10 18:56:50.0
17,"{""en"": ""Events Photography"", ""es"": ""Fotografía de Eventos""}","{""en"": ""."", ""es"": "".""}",3,225,1,2018-04-11 20:37:44.0,2020-11-10 18:58:31.0
18,"{""en"": ""Additional Information"", ""es"": ""Información Adicional""}","{""en"": ""Business, Company"", ""es"": ""Compañía, Negocios""}",3,235,1,2018-04-11 20:42:04.0,2020-11-10 18:58:34.0
19,"{""en"": ""Architectural Photography"", ""es"": ""Fotografía Arquitectónica""}","{""en"": ""."", ""es"": "".""}",3,224,1,2018-04-20 15:28:15.0,2020-11-10 19:02:04.0
20,"{""en"": ""Filmmaking Experience"", ""es"": ""Experiencia Cinematográfica""}","{""en"": ""."", ""es"": "".""}",3,7,1,2018-04-20 18:49:37.0,2020-11-10 19:02:34.0
21,"{""en"": ""Flexibility Exercises"", ""es"": ""Ejercicios de Flexibilidad""}","{""en"": ""Yoga"", ""es"": ""Yoga""}",3,10,1,2018-04-25 20:25:20.0,2020-11-10 19:02:42.0
22,"{""en"": ""Pageant Coach Information"", ""es"": ""Información de Entrenador de Desfiles""}","{""en"": ""."", ""es"": "".""}",3,11,1,2018-06-08 19:26:49.0,2020-11-10 19:04:09.0
23,"{""en"": ""Representatives Information"", ""es"": ""Información de Representantes""}","{""en"": ""."", ""es"": "".""}",3,223,1,2018-06-11 18:39:01.0,2020-11-10 19:11:05.0
24,"{""en"": ""Hairdressing Information"", ""es"": ""Información de Peluquería""}","{""en"": ""."", ""es"": "".""}",3,12,1,2018-06-11 19:50:58.0,2020-11-10 19:12:33.0
25,"{""en"": ""Barber Information"", ""es"": ""Información de Barbería""}","{""en"": ""Barber Information "", ""es"": ""Información de Barbero""}",3,13,1,2018-06-11 20:02:14.0,2020-11-10 19:13:45.0
26,"{""en"": ""Wig Information"", ""es"": ""Información de Pelucas""}","{""en"": ""."", ""es"": "".""}",3,14,0,2018-06-11 20:16:17.0,2020-11-13 17:28:30.0
27,"{""en"": ""Aestheticism Information"", ""es"": ""Información de Esteticismo""}","{""en"": ""."", ""es"": "".""}",3,15,0,2018-06-11 20:31:20.0,2020-11-13 17:30:32.0
28,"{""en"": ""Hair Coloring Information"", ""es"": ""Información de Tintado de Pelo""}","{""en"": ""."", ""es"": "".""}",3,16,0,2018-06-11 20:45:39.0,2020-11-13 17:32:29.0
29,"{""en"": ""Makeup Information"", ""es"": ""Información de Maquillaje""}","{""en"": ""Makeup artist information "", ""es"": ""Información de Maquillista""}",3,17,1,2018-06-11 21:02:11.0,2020-11-10 19:30:43.0
30,"{""en"": ""Manicure/Pedicure Information"", ""es"": ""Información de Manicura/Pedicura""}","{""en"": ""."", ""es"": "".""}",3,18,0,2018-06-11 21:19:05.0,2020-11-13 17:54:01.0
31,"{""en"": ""Hair Removal Information"", ""es"": ""Información de Depilación""}","{""en"": ""."", ""es"": "".""}",3,19,1,2018-06-11 21:31:36.0,2020-11-10 19:35:59.0
32,"{""en"": ""Tattoos Information"", ""es"": ""Información de Tatuajes""}","{""en"": ""."", ""es"": "".""}",3,20,1,2018-06-11 21:39:09.0,2020-11-10 19:38:01.0
33,"{""en"": ""Accessory Design Information"", ""es"": ""Información de Diseño de Accesorios""}","{""en"": ""."", ""es"": "".""}",3,21,1,2018-06-11 23:00:00.0,2018-09-27 19:39:07.0
34,"{""en"": ""Fashion Design Information"", ""es"": ""Información Diseño de Moda""}","{""en"": ""Fashion designer information "", ""es"": ""Información de Diseñador de moda""}",3,22,1,2018-06-12 16:58:17.0,2020-11-10 19:40:07.0
35,"{""en"": ""Jewelry Design Information"", ""es"": ""Información de Diseño de Joyas""}","{""en"": ""."", ""es"": "".""}",3,23,1,2018-06-12 17:05:51.0,2020-11-10 19:41:47.0
36,"{""en"": ""Fragrance Information"", ""es"": ""Información de Fragancias""}","{""en"": ""."", ""es"": "".""}",3,24,1,2018-06-12 17:13:22.0,2020-11-10 19:42:27.0
37,"{""en"": ""Seamstress Information"", ""es"": ""Información de Costurero""}","{""en"": ""."", ""es"": "".""}",3,25,1,2018-06-12 17:19:00.0,2020-11-10 19:45:32.0
38,"{""en"": ""Personal Styling"", ""es"": ""Estilismo Personal""}","{""en"": ""."", ""es"": "".""}",3,26,1,2018-06-12 17:29:49.0,2020-11-10 19:46:54.0
39,"{""en"": ""Minor Events"", ""es"": ""Eventos Menores""}","{""en"": ""."", ""es"": "".""}",3,27,0,2018-06-12 17:35:27.0,2020-11-16 12:22:15.0
40,"{""en"": ""Product Styling"", ""es"": ""Estilismo de Producto""}","{""en"": ""."", ""es"": "".""}",3,28,0,2018-06-12 17:41:59.0,2020-11-16 12:22:26.0
41,"{""en"": ""Styling Information"", ""es"": ""Información de Estilismo""}","{""en"": ""."", ""es"": "".""}",3,29,1,2018-06-12 18:35:22.0,2020-11-10 19:50:30.0
42,"{""en"": ""Catalog Styling"", ""es"": ""Estilismo de Catálogo""}","{""en"": ""."", ""es"": "".""}",3,30,1,2018-06-12 18:58:42.0,2020-11-10 19:51:56.0
43,"{""en"": ""Visual Styling"", ""es"": ""Estilismo Visual""}","{""en"": ""."", ""es"": "".""}",3,31,1,2018-06-12 19:08:28.0,2020-11-10 20:12:34.0
44,"{""en"": ""empty"", ""es"": ""vacio""}","{""en"": ""Photoshoot coordinator information"", ""es"": ""Información de Coordinador de sesiones fotográficas""}",3,2,0,2018-06-12 19:14:34.0,2018-10-12 16:20:18.0
45,"{""en"": ""Museum of Commerce & Communications"", ""es"": ""Museo de Comercio y Comunicaciones""}","{""en"": ""."", ""es"": "".""}",3,32,1,2018-06-12 19:25:38.0,2020-11-10 20:13:27.0
46,"{""en"": ""Choreography Information"", ""es"": ""Información de Coreografía""}","{""en"": ""."", ""es"": "".""}",3,33,1,2018-06-12 19:33:45.0,2020-11-10 20:14:40.0
47,"{""en"": ""Sound Production Information"", ""es"": ""Información de Producción de Sonido""}","{""en"": ""."", ""es"": "".""}",3,34,0,2018-06-13 05:04:04.0,2020-11-16 12:56:09.0
48,"{""en"": ""Representation Information"", ""es"": ""Información de Representaciones""}","{""en"": ""Music manager "", ""es"": ""Manejador musical""}",3,35,0,2018-06-13 16:57:48.0,2020-11-16 12:56:07.0
49,"{""en"": ""Orchestra Information"", ""es"": ""Información de Orquesta""}","{""en"": ""."", ""es"": "".""}",3,36,1,2018-06-13 17:27:03.0,2020-11-10 20:15:24.0
50,"{""en"": ""Musical Composition Information"", ""es"": ""Información de Composición Musical""}","{""en"": ""."", ""es"": "".""}",3,37,1,2018-06-13 17:35:10.0,2020-11-10 20:16:31.0
51,"{""en"": ""Trombone Information"", ""es"": ""Información de Trombón""}","{""en"": ""."", ""es"": "".""}",3,38,1,2018-06-13 17:41:59.0,2018-09-27 19:39:08.0
52,"{""en"": ""emtpy"", ""es"": ""vacio""}","{""en"": ""."", ""es"": "".""}",3,39,0,2018-06-13 17:49:10.0,2018-10-12 16:20:00.0
53,"{""en"": ""DJ Information "", ""es"": ""Información de DJ""}","{""en"": ""."", ""es"": "".""}",3,40,1,2018-06-13 18:00:47.0,2020-11-10 20:19:11.0
54,"{""en"": ""Guitarist Information"", ""es"": ""Información de Guitarrista""}","{""en"": ""."", ""es"": "".""}",3,41,0,2018-06-13 18:04:09.0,2020-11-16 13:13:21.0
55,"{""en"": ""Violinist Information"", ""es"": ""Información de Violinista""}","{""en"": ""."", ""es"": "".""}",3,42,0,2018-06-13 18:09:23.0,2020-11-16 13:14:26.0
56,"{""en"": ""Representatives Information"", ""es"": ""Información de Representantes""}","{""en"": ""Musicians"", ""es"": ""Músicos""}",3,43,1,2018-06-13 18:17:49.0,2020-11-16 13:17:20.0
57,"{""en"": ""Drummer Information"", ""es"": ""Información de Baterista""}","{""en"": ""."", ""es"": "".""}",3,44,0,2018-06-13 18:21:25.0,2020-11-10 20:19:43.0
58,"{""en"": ""Percussion Instruments"", ""es"": ""Instrumentos de Percusión""}","{""en"": ""."", ""es"": "".""}",3,45,0,2018-06-13 18:24:52.0,2020-11-16 13:17:55.0
59,"{""en"": ""Piano Information"", ""es"": ""Información de Piano""}","{""en"": ""."", ""es"": "".""}",3,46,0,2018-06-13 18:31:54.0,2020-11-16 13:17:56.0
60,"{""en"": ""Saxophone Information"", ""es"": ""Información de Saxófono""}","{""en"": ""."", ""es"": "".""}",3,47,0,2018-06-13 18:38:06.0,2020-11-16 13:17:59.0
61,"{""en"": ""Flute Information"", ""es"": ""Información de Flauta""}","{""en"": ""."", ""es"": "".""}",3,48,0,2018-06-13 18:45:11.0,2020-11-16 13:18:01.0
62,"{""en"": ""Trumpet Information"", ""es"": ""Información de Trompeta""}","{""en"": ""."", ""es"": "".""}",3,49,0,2018-06-13 18:57:16.0,2020-11-16 13:18:03.0
63,"{""en"": ""Education"", ""es"": ""Educación""}","{""en"": ""Dance academies"", ""es"": ""Academias de baile""}",3,50,1,2018-06-13 19:00:43.0,2018-09-27 19:39:08.0
64,"{""en"": ""Bachata Information"", ""es"": ""Información de Bachata""}","{""en"": ""."", ""es"": "".""}",3,51,0,2018-06-13 19:03:51.0,2020-11-16 13:23:30.0
65,"{""en"": ""Ballet Information"", ""es"": ""Información de Ballet""}","{""en"": ""."", ""es"": "".""}",3,52,0,2018-06-13 19:08:46.0,2020-11-16 13:25:10.0
66,"{""en"": ""Indian Classical Dance"", ""es"": ""Danzas Clásicas de la India""}","{""en"": ""."", ""es"": "".""}",3,53,0,2018-06-13 19:13:03.0,2020-11-16 13:25:30.0
67,"{""en"": ""Speech Information"", ""es"": ""Información de Locución""}","{""en"": ""."", ""es"": "".""}",3,54,1,2018-06-13 19:28:37.0,2018-09-27 19:39:08.0
68,"{""en"": ""Radio Information"", ""es"": ""Informacion de Radio""}","{""en"": ""."", ""es"": "".""}",3,55,0,2018-06-13 19:38:15.0,2018-09-27 19:39:08.0
69,"{""en"": ""Voice-Over Information"", ""es"": ""Información de Voz en Off""}","{""en"": ""."", ""es"": "".""}",3,56,1,2018-06-13 19:49:03.0,2018-09-27 19:39:08.0
70,"{""en"": ""Presentations Information"", ""es"": ""Información de Presentaciones""}","{""en"": ""."", ""es"": "".""}",3,57,1,2018-06-13 19:55:34.0,2018-09-27 19:39:08.0
71,"{""en"": ""Voice Acting Information"", ""es"": ""Información de Actuación Vocal""}","{""en"": ""."", ""es"": "".""}",3,58,1,2018-06-13 20:04:48.0,2018-09-27 19:39:08.0
72,"{""en"": ""Acting Experience"", ""es"": ""Experiencia en Actuación""}","{""en"": ""."", ""es"": "".""}",3,59,1,2018-06-13 20:09:30.0,2018-09-27 19:39:08.0
73,"{""en"": ""Personal Trainer Information"", ""es"": ""Información de Entrenador Personal""}","{""en"": ""."", ""es"": "".""}",3,60,1,2018-06-14 00:21:33.0,2018-09-27 19:39:08.0
74,"{""en"": ""Filmography & Staging"", ""es"": ""Filmografía y Puesta en Escena""}","{""en"": ""."", ""es"": "".""}",3,8,0,2018-06-14 00:34:40.0,2020-11-16 13:52:05.0
75,"{""en"": ""Scenic Combat Information"", ""es"": ""Información de Combate Escénico""}","{""en"": ""Scenic Combat, stage combat"", ""es"": ""Combate Escénico""}",3,61,1,2018-06-14 00:52:07.0,2018-09-27 19:39:08.0
76,"{""en"": ""Comedy Information"", ""es"": ""Información de Comedia""}","{""en"": ""."", ""es"": "".""}",3,63,1,2018-06-14 00:59:06.0,2018-09-27 19:39:08.0
77,"{""en"": ""Narration Information"", ""es"": ""Información de Narración""}","{""en"": ""."", ""es"": "".""}",3,64,1,2018-06-14 01:13:25.0,2018-09-27 19:39:08.0
78,"{""en"": ""Fashion Photography Information"", ""es"": ""Información de Fotografía de Moda""}","{""en"": ""."", ""es"": "".""}",3,66,1,2018-06-14 02:46:32.0,2018-09-27 19:39:08.0
79,"{""en"": ""Physical Therapy Information"", ""es"": ""Información de Fisioterapia""}","{""en"": ""."", ""es"": "".""}",3,67,1,2018-06-14 03:03:02.0,2018-09-27 19:39:08.0
80,"{""en"": ""Photography Information"", ""es"": ""Información de Fotografía""}","{""en"": ""."", ""es"": "".""}",3,65,1,2018-06-14 03:10:14.0,2018-09-27 19:39:08.0
81,"{""en"": ""Stabilizer Information"", ""es"": ""Información de Estabilizador""}","{""en"": ""."", ""es"": "".""}",3,68,1,2018-06-14 03:15:50.0,2018-09-27 19:39:08.0
82,"{""en"": ""Motion Capture Information"", ""es"": ""Información de Captura de Movimiento""}","{""en"": ""mo-cap, mocap, Motion capture"", ""es"": ""mo-cap, mocap, Motion capture""}",3,69,1,2018-06-14 03:18:31.0,2018-09-27 19:39:08.0
83,"{""en"": ""Illustration Information"", ""es"": ""Información de Ilustración""}","{""en"": ""."", ""es"": "".""}",3,70,1,2018-06-14 03:24:42.0,2018-09-27 20:59:10.0
84,"{""en"": ""Costume Design Information"", ""es"": ""Información de Diseño de Vestuario""}","{""en"": ""Costume Design experience"", ""es"": ""Experiencia en Diseño de Vestuario""}",3,71,1,2018-06-14 03:35:08.0,2018-09-27 19:39:08.0
85,"{""en"": ""Graphic Design Information"", ""es"": ""Información de Diseño Gráfico""}","{""en"": ""."", ""es"": "".""}",3,72,1,2018-06-14 14:18:30.0,2018-09-27 20:49:32.0
86,"{""en"": ""Photoshoot Information"", ""es"": ""Información de Sesiones Fotográficas""}","{""en"": ""."", ""es"": "".""}",3,73,1,2018-06-14 14:31:43.0,2018-09-27 19:39:08.0
87,"{""en"": ""Combat Sports Information"", ""es"": ""Información de Deportes de Combate""}","{""en"": ""."", ""es"": "".""}",3,74,1,2018-06-14 14:47:10.0,2018-09-27 19:39:08.0
88,"{""en"": ""Polo Information"", ""es"": ""Información de Polo""}","{""en"": ""."", ""es"": "".""}",3,75,1,2018-06-14 14:54:16.0,2018-09-27 19:39:08.0
89,"{""en"": ""Soccer Information"", ""es"": ""Información de Soccer""}","{""en"": ""."", ""es"": "".""}",3,76,1,2018-06-14 15:00:55.0,2018-09-27 19:39:08.0
90,"{""en"": ""Information of Aestheticism"", ""es"": ""Información de Esteticismo""}","{""en"": ""."", ""es"": "".""}",3,78,1,2018-06-14 15:07:39.0,2018-10-10 19:56:52.0
91,"{""en"": ""Martial Arts"", ""es"": ""Artes Marciales""}","{""en"": ""."", ""es"": "".""}",3,77,1,2018-06-14 15:10:18.0,2018-09-27 19:39:08.0
92,"{""en"": ""Training Audience"", ""es"": ""Audiencia de Entrenamiento""}","{""en"": ""Audience"", ""es"": ""Entrenadores""}",3,233,1,2018-06-14 15:15:46.0,2018-09-27 19:39:11.0
93,"{""en"": ""Swimming Information"", ""es"": ""Información de Natación""}","{""en"": ""."", ""es"": "".""}",3,79,1,2018-06-14 15:20:28.0,2018-09-27 19:39:08.0
94,"{""en"": ""Football Information"", ""es"": ""Información de Fútbol Americano""}","{""en"": ""."", ""es"": "".""}",3,80,1,2018-06-14 15:27:22.0,2018-09-27 19:39:08.0
95,"{""en"": ""Basketball Information"", ""es"": ""Información de Baloncesto""}","{""en"": ""."", ""es"": "".""}",3,81,1,2018-06-14 15:32:18.0,2018-09-27 19:39:08.0
96,"{""en"": ""Volleyball Information"", ""es"": ""Información de Voleibol""}","{""en"": ""."", ""es"": "".""}",3,82,1,2018-06-14 15:40:15.0,2018-09-27 19:39:08.0
97,"{""en"": ""Baseball Information"", ""es"": ""Información de Béisbol""}","{""en"": ""."", ""es"": "".""}",3,83,1,2018-06-14 15:45:17.0,2018-09-27 19:39:08.0
98,"{""en"": ""Hockey Information"", ""es"": ""Información de Hockey""}","{""en"": ""."", ""es"": "".""}",3,84,1,2018-06-14 15:52:55.0,2018-09-27 19:39:08.0
99,"{""en"": ""Gymnastics Information"", ""es"": ""Información de Gimnasia""}","{""en"": ""."", ""es"": "".""}",3,85,1,2018-06-14 15:55:52.0,2018-09-27 19:39:08.0
100,"{""en"": ""Skating Information"", ""es"": ""Información de Patinaje""}","{""en"": ""."", ""es"": "".""}",3,86,1,2018-06-14 16:01:58.0,2018-09-27 19:39:08.0
101,"{""en"": ""Institute Information"", ""es"": ""Información de Instituto""}","{""en"": ""Business, Company"", ""es"": ""Compañía, Negocios""}",3,87,1,2018-06-14 16:05:31.0,2018-10-12 17:58:28.0
102,"{""en"": ""Tennis Information"", ""es"": ""Información de Tenis""}","{""en"": ""."", ""es"": "".""}",3,88,1,2018-06-14 16:08:38.0,2018-09-27 19:39:08.0
103,"{""en"": ""Parkour & Freerunning "", ""es"": ""Parkour y Freerunning""}","{""en"": ""."", ""es"": "".""}",3,89,1,2018-06-14 16:13:46.0,2018-09-27 19:39:08.0
104,"{""en"": ""empty"", ""es"": ""vacio""}","{""en"": ""."", ""es"": "".""}",3,90,0,2018-06-14 16:25:13.0,2018-11-07 22:18:24.0
105,"{""en"": ""Games Information"", ""es"": ""Información de Juegos""}","{""en"": ""."", ""es"": "".""}",3,91,1,2018-06-14 16:35:24.0,2018-09-27 19:39:08.0
106,"{""en"": ""Console Information"", ""es"": ""Información de Consolas""}","{""en"": ""."", ""es"": "".""}",3,93,1,2018-06-14 16:48:05.0,2018-09-27 19:39:08.0
107,"{""en"": ""Aerobic Exercises Information"", ""es"": ""Información de Ejercicios Aeróbicos""}","{""en"": ""."", ""es"": "".""}",3,94,1,2018-06-14 16:55:55.0,2018-09-27 19:39:08.0
108,"{""en"": ""Anaerobic Exercises Information"", ""es"": ""Información de Ejercicios Anaeróbicos""}","{""en"": ""."", ""es"": "".""}",3,95,1,2018-06-14 17:05:32.0,2018-09-27 19:39:09.0
109,"{""en"": ""Experience"", ""es"": ""Experiencia""}","{""en"": ""Receptionist, reservations, telephone, security, maintenance, customer service"", ""es"": ""Recepcionista, reservas, teléfonos, servicio al cliente, mantenimiento, seguridad""}",3,96,1,2018-06-14 17:33:22.0,2018-09-27 19:39:09.0
110,"{""en"": ""Housekeeping Information"", ""es"": ""Información de Ama de llaves""}","{""en"": ""."", ""es"": "".""}",3,97,1,2018-06-14 17:38:54.0,2018-09-27 19:39:09.0
111,"{""en"": ""Travel Agent Information"", ""es"": ""Información de Agente de Viajes""}","{""en"": ""."", ""es"": "".""}",3,98,1,2018-06-14 17:42:47.0,2018-09-27 19:39:09.0
112,"{""en"": ""Mayor Events"", ""es"": ""Eventos Mayores""}","{""en"": ""."", ""es"": "".""}",3,99,1,2018-06-14 17:49:49.0,2018-09-27 19:39:09.0
113,"{""en"": ""Water Activities"", ""es"": ""Actividades Acuáticas""}","{""en"": ""."", ""es"": "".""}",3,100,1,2018-06-14 18:03:37.0,2018-09-27 19:39:09.0
114,"{""en"": ""Mountain Activities"", ""es"": ""Actividades de Montaña""}","{""en"": ""."", ""es"": "".""}",3,101,1,2018-06-14 18:17:52.0,2018-09-27 19:39:09.0
115,"{""en"": ""Desert Activities"", ""es"": ""Actividades del Desierto""}","{""en"": ""."", ""es"": "".""}",3,102,1,2018-06-14 18:29:07.0,2018-09-27 19:39:09.0
116,"{""en"": ""Forest Activities"", ""es"": ""Actividades del Bosque""}","{""en"": ""."", ""es"": "".""}",3,103,1,2018-06-14 18:30:55.0,2018-09-27 19:39:09.0
117,"{""en"": ""Aerial Activities Information"", ""es"": ""Información de Actividades Aéreas""}","{""en"": ""."", ""es"": "".""}",3,104,1,2018-06-14 18:32:54.0,2018-09-27 19:39:09.0
118,"{""en"": ""Journalism Information"", ""es"": ""Información de Periodismo""}","{""en"": ""."", ""es"": "".""}",3,105,1,2018-06-14 18:40:52.0,2018-09-27 19:39:09.0
119,"{""en"": ""Writing Information"", ""es"": ""Información de Escritura""}","{""en"": ""Writers"", ""es"": ""Escritores""}",3,106,1,2018-06-14 18:47:38.0,2018-09-27 19:39:09.0
120,"{""en"": ""Creative Writing"", ""es"": ""Escritura Creativa""}","{""en"": ""."", ""es"": "".""}",3,107,1,2018-06-15 17:27:52.0,2018-09-27 19:39:09.0
121,"{""en"": ""Performative Writing"", ""es"": ""Escritura Interpretativa""}","{""en"": ""."", ""es"": "".""}",3,108,1,2018-06-15 17:43:12.0,2018-09-27 19:39:09.0
122,"{""en"": ""Academic Writing"", ""es"": ""Escritura Académica""}","{""en"": ""."", ""es"": "".""}",3,109,1,2018-06-15 17:48:11.0,2018-09-27 19:39:09.0
123,"{""en"": ""Reporting Information"", ""es"": ""Información de Reportaje""}","{""en"": ""."", ""es"": "".""}",3,110,1,2018-06-15 17:59:15.0,2018-09-27 19:39:09.0
124,"{""en"": ""Scout Information"", ""es"": ""Información de Cazatalentos""}","{""en"": ""Business, Company"", ""es"": ""Compañía, Negocios""}",3,111,1,2018-06-15 18:03:29.0,2018-10-09 19:13:21.0
125,"{""en"": ""Sculpting Information"", ""es"": ""Información de Escultura""}","{""en"": ""."", ""es"": "".""}",3,112,1,2018-06-15 18:07:05.0,2018-09-27 19:39:09.0
126,"{""en"": ""Painting Information"", ""es"": ""Información de Pintura""}","{""en"": ""."", ""es"": "".""}",3,113,1,2018-06-15 18:25:07.0,2018-09-27 19:39:09.0
127,"{""en"": ""Drawing Information"", ""es"": ""Información de Dibujo""}","{""en"": ""."", ""es"": "".""}",3,114,1,2018-06-15 18:31:38.0,2018-09-27 19:39:09.0
128,"{""en"": ""Architecture Information"", ""es"": ""Información de Arquitectura""}","{""en"": ""."", ""es"": "".""}",3,115,1,2018-06-15 18:37:51.0,2018-09-27 19:39:09.0
129,"{""en"": ""Interior Design"", ""es"": ""Diseño de Interiores""}","{""en"": ""."", ""es"": "".""}",3,116,1,2018-06-15 18:43:27.0,2018-09-27 19:39:09.0
130,"{""en"": ""Industrial Design Information"", ""es"": ""Información de Diseño Industrial""}","{""en"": ""."", ""es"": "".""}",3,117,1,2018-06-15 18:47:23.0,2018-09-28 14:58:51.0
131,"{""en"": ""Culinary Experience"", ""es"": ""Experiencia Gastronómica""}","{""en"": ""."", ""es"": "".""}",3,118,1,2018-06-15 18:54:08.0,2018-09-27 19:39:09.0
132,"{""en"": ""Chef Information"", ""es"": ""Información de Chef""}","{""en"": ""."", ""es"": "".""}",3,119,1,2018-06-15 19:01:12.0,2018-09-27 19:39:09.0
133,"{""en"": ""Butchery Information"", ""es"": ""Información de Carnicería""}","{""en"": ""Butcher information"", ""es"": ""Información de carnicero""}",3,120,1,2018-06-15 19:12:41.0,2018-09-28 15:08:04.0
134,"{""en"": ""Pastry Information"", ""es"": ""Información de Repostería""}","{""en"": ""."", ""es"": "".""}",3,121,1,2018-06-15 19:19:29.0,2018-09-27 19:39:09.0
135,"{""en"": ""Baking Information"", ""es"": ""Información de Panadería""}","{""en"": ""."", ""es"": "".""}",3,122,1,2018-06-15 19:31:54.0,2018-09-27 19:39:09.0
136,"{""en"": ""Sommelier & Bartender Experience"", ""es"": ""Experiencia de Sommelier y Bartender""}","{""en"": ""Sommelier and Bartender"", ""es"": ""Sommelier y Bartender""}",3,123,1,2018-06-15 19:39:15.0,2018-09-28 15:16:33.0
137,"{""en"": ""Brewing Information"", ""es"": ""Fabricación de Cerveza""}","{""en"": ""."", ""es"": "".""}",3,124,1,2018-06-15 19:43:39.0,2018-09-27 19:39:09.0
138,"{""en"": ""Teachings Information"", ""es"": ""Información de Enseñanzas""}","{""en"": ""."", ""es"": "".""}",3,125,1,2018-06-15 19:46:47.0,2018-09-28 15:26:41.0
139,"{""en"": ""Studies Information"", ""es"": ""Información de Estudios""}","{""en"": ""."", ""es"": "".""}",3,126,1,2018-06-15 19:52:59.0,2018-09-28 15:38:08.0
140,"{""en"": ""Web Development"", ""es"": ""Desarrollo Web""}","{""en"": ""."", ""es"": "".""}",3,127,1,2018-06-18 01:40:06.0,2018-09-27 19:39:09.0
141,"{""en"": ""Apps Information"", ""es"": ""Información de Aplicaciones""}","{""en"": ""."", ""es"": "".""}",3,128,1,2018-06-18 03:19:01.0,2018-09-27 19:39:09.0
142,"{""en"": ""Video Games Information"", ""es"": ""Información de Videojuegos""}","{""en"": ""."", ""es"": "".""}",3,129,1,2018-06-18 03:25:24.0,2018-10-11 16:25:16.0
143,"{""en"": ""Databases Information"", ""es"": ""Información de Bases de datos""}","{""en"": ""."", ""es"": "".""}",3,130,1,2018-06-18 03:33:02.0,2018-09-27 19:39:09.0
144,"{""en"": ""Software Information"", ""es"": ""Información de Software""}","{""en"": ""."", ""es"": "".""}",3,131,1,2018-06-18 03:43:56.0,2018-09-27 19:39:09.0
145,"{""en"": ""Finance Information"", ""es"": ""Información de Finanzas""}","{""en"": ""."", ""es"": "".""}",3,132,1,2018-06-18 03:46:39.0,2018-09-28 15:54:26.0
146,"{""en"": ""Entrepreneurship Information"", ""es"": ""Información de Emprendimiento""}","{""en"": ""."", ""es"": "".""}",3,133,1,2018-06-18 03:51:00.0,2018-09-28 15:54:54.0
147,"{""en"": ""Sales Information "", ""es"": ""Información de Ventas""}","{""en"": ""."", ""es"": "".""}",3,134,1,2018-06-18 03:52:39.0,2018-09-27 19:39:09.0
148,"{""en"": ""Network & Security"", ""es"": ""Redes y Seguridad""}","{""en"": ""."", ""es"": "".""}",3,135,1,2018-06-18 03:56:16.0,2018-09-27 19:39:09.0
149,"{""en"": ""Field Information "", ""es"": ""Información de Campo""}","{""en"": ""."", ""es"": "".""}",3,226,1,2018-06-18 04:30:23.0,2018-09-27 19:39:11.0
150,"{""en"": ""Beauty Pageant Information"", ""es"": ""Información de Desfiles de Belleza""}","{""en"": ""Business, Company"", ""es"": ""Compañía, Negocios""}",3,136,1,2018-06-18 17:05:15.0,2018-09-28 16:33:52.0
151,"{""en"": ""Beauty Pageant Experience"", ""es"": ""Experiencia de Desfiles de Belleza""}","{""en"": ""Business, Company"", ""es"": ""Compañía, Negocios""}",3,137,1,2018-06-18 17:14:43.0,2018-09-28 16:36:08.0
152,"{""en"": ""Cosmetics Manufacturing"", ""es"": ""Fabricación de Cosméticos""}","{""en"": ""Business, Company"", ""es"": ""Compañía, Negocios""}",3,138,1,2018-06-18 17:39:17.0,2018-09-28 16:56:44.0
153,"{""en"": ""Cosmetics Selling"", ""es"": ""Venta de Cosméticos""}","{""en"": ""Business, Company"", ""es"": ""Compañía, Negocios""}",3,139,1,2018-06-18 17:47:15.0,2018-09-28 16:57:12.0
154,"{""en"": ""Fashion Store Information"", ""es"": ""Información de Venta de Ropa""}","{""en"": ""Business, Company"", ""es"": ""Compañía, Negocios""}",3,140,1,2018-06-18 17:54:42.0,2018-09-28 17:50:26.0
155,"{""en"": ""Tour Information"", ""es"": ""Información de Tours""}","{""en"": ""Business, Company"", ""es"": ""Compañía, Negocios""}",3,141,1,2018-06-18 18:02:42.0,2018-10-09 16:51:43.0
156,"{""en"": ""Accessories Sales Information"", ""es"": ""Información de Venta de Accesorios""}","{""en"": ""Business, Company"", ""es"": ""Compañía, Negocios""}",3,142,1,2018-06-18 18:08:16.0,2020-11-12 17:25:34.0
157,"{""en"": ""Fashion Marketing"", ""es"": ""Marketing de Moda""}","{""en"": ""."", ""es"": "".""}",3,143,1,2018-06-18 18:22:02.0,2018-09-27 19:39:09.0
158,"{""en"": ""Textile Design & Production"", ""es"": ""Diseño y Producción Textil ""}","{""en"": ""."", ""es"": "".""}",3,144,1,2018-06-18 18:31:24.0,2018-09-27 19:39:09.0
159,"{""en"": ""Fashion Design Information"", ""es"": ""Información de Diseño de Moda""}","{""en"": ""Business, Company"", ""es"": ""Compañía, Negocios""}",3,145,1,2018-06-18 18:43:05.0,2018-10-08 18:53:11.0
160,"{""en"": ""Musical Production Information"", ""es"": ""Información de Producción Musical""}","{""en"": ""Business, Company"", ""es"": ""Compañía, Negocios""}",3,146,1,2018-06-18 18:44:13.0,2018-10-09 15:04:28.0
161,"{""en"": ""Modeling Agency"", ""es"": ""Agencia de Modelaje""}","{""en"": ""."", ""es"": "".""}",3,147,1,2018-06-18 18:46:58.0,2018-09-27 19:39:09.0
162,"{""en"": ""Mastering Information"", ""es"": ""Información de Masterización""}","{""en"": ""."", ""es"": "".""}",3,148,1,2018-06-18 18:54:22.0,2018-09-27 19:39:09.0
163,"{""en"": ""Recording Information"", ""es"": ""Información de Grabación""}","{""en"": ""Sound recording Information"", ""es"": ""Información de Grabación de sonido""}",3,149,1,2018-06-18 18:58:59.0,2018-10-08 19:14:26.0
164,"{""en"": ""Academy Information"", ""es"": ""Información de Academia""}","{""en"": ""Models academy"", ""es"": ""Academia de modelaje""}",3,150,1,2018-06-18 19:13:45.0,2018-10-01 15:07:15.0
165,"{""en"": ""Mixing Information"", ""es"": ""Información de Mezcla""}","{""en"": ""Business, Company"", ""es"": ""Compañía, Negocios""}",3,151,1,2018-06-18 19:58:17.0,2018-10-08 19:51:23.0
166,"{""en"": ""Dance Academy Information"", ""es"": ""Información de Academia de Baile""}","{""en"": ""Business, Company"", ""es"": ""Compañía, Negocios""}",3,152,1,2018-06-19 14:36:54.0,2018-10-09 16:32:25.0
167,"{""en"": ""Band Information"", ""es"": ""Información de la Banda""}","{""en"": ""Business, Company"", ""es"": ""Compañía, Negocios""}",3,153,1,2018-06-19 14:41:33.0,2018-10-09 16:36:36.0
168,"{""en"": ""A&R Information"", ""es"": ""Información de A&R""}","{""en"": ""."", ""es"": "".""}",3,154,1,2018-06-19 14:49:19.0,2018-09-27 19:39:10.0
169,"{""en"": ""Digital Distribution"", ""es"": ""Distribución Digital""}","{""en"": ""Business, Company"", ""es"": ""Compañía, Negocios""}",3,155,1,2018-06-19 14:52:00.0,2018-10-09 19:36:05.0
170,"{""en"": ""Music Consulting"", ""es"": ""Consultoría Musical""}","{""en"": ""Business, Company"", ""es"": ""Compañía, Negocios""}",3,156,1,2018-06-19 15:00:09.0,2018-10-09 19:37:50.0
171,"{""en"": ""Music Managing"", ""es"": ""Manejo Musical""}","{""en"": ""Business, Company"", ""es"": ""Compañía, Negocios""}",3,157,1,2018-06-19 15:11:16.0,2018-10-09 19:38:05.0
172,"{""en"": ""Event Planning"", ""es"": ""Organización de Eventos""}","{""en"": ""Business, Company"", ""es"": ""Compañía, Negocios""}",3,158,1,2018-06-19 15:16:28.0,2018-10-09 19:56:02.0
173,"{""en"": ""Assembly of Events"", ""es"": ""Montaje de Eventos""}","{""en"": ""Business, Company"", ""es"": ""Compañía, Negocios""}",3,159,1,2018-06-19 15:23:11.0,2018-10-09 19:56:16.0
174,"{""en"": ""Informative Station"", ""es"": ""Estación Informativa""}","{""en"": ""Business, Company"", ""es"": ""Compañía, Negocios""}",3,160,1,2018-06-19 15:31:08.0,2018-10-09 20:23:54.0
175,"{""en"": ""Reportage Radio Station"", ""es"": ""Estación de Reportaje""}","{""en"": ""Business, Company"", ""es"": ""Compañía, Negocios""}",3,161,1,2018-06-19 15:46:54.0,2018-10-09 20:13:03.0
176,"{""en"": ""Radio Special Programs"", ""es"": ""Programas Especiales de Radio""}","{""en"": ""."", ""es"": "".""}",3,162,1,2018-06-19 15:51:33.0,2018-09-27 19:39:10.0
177,"{""en"": ""Preproduction for TV"", ""es"": ""Pre-producción para TV""}","{""en"": ""Business, Company"", ""es"": ""Compañía, Negocios""}",3,163,1,2018-06-19 15:55:21.0,2018-10-09 20:32:37.0
178,"{""en"": ""TV Production"", ""es"": ""Producción para TV""}","{""en"": ""."", ""es"": "".""}",3,164,1,2018-06-19 16:05:14.0,2018-09-27 19:39:10.0
179,"{""en"": ""Postproduction for TV"", ""es"": ""Post-producción para TV""}","{""en"": ""."", ""es"": "".""}",3,165,1,2018-06-19 16:06:15.0,2018-09-27 19:39:10.0
180,"{""en"": ""TV Equipment Rental"", ""es"": ""Alquiler de Equipos para TV""}","{""en"": ""."", ""es"": "".""}",3,166,1,2018-06-19 16:08:32.0,2018-10-10 19:18:16.0
181,"{""en"": ""Documentary Photography"", ""es"": ""Fotografía Documental""}","{""en"": ""."", ""es"": "".""}",3,167,1,2018-06-19 16:18:40.0,2018-09-27 19:39:10.0
182,"{""en"": ""Product Photography"", ""es"": ""Fotografía de Productos""}","{""en"": ""."", ""es"": "".""}",3,168,1,2018-06-19 16:27:30.0,2018-09-27 19:39:10.0
183,"{""en"": ""Advertising Photography"", ""es"": ""Fotografía Publicitaria""}","{""en"": ""."", ""es"": "".""}",3,169,1,2018-06-19 16:34:29.0,2018-09-27 19:39:10.0
184,"{""en"": ""Newspaper's Information"", ""es"": ""Información del Periódico""}","{""en"": ""."", ""es"": "".""}",3,170,1,2018-06-19 16:41:40.0,2018-10-10 17:13:33.0
185,"{""en"": ""Periodical Newspaper"", ""es"": ""Prensa Periódica""}","{""en"": ""."", ""es"": "".""}",3,171,1,2018-06-19 16:53:03.0,2018-09-27 19:39:10.0
186,"{""en"": ""Film Preproduction"", ""es"": ""Pre-producción para Cine""}","{""en"": ""."", ""es"": "".""}",3,172,1,2018-06-19 16:57:50.0,2018-09-27 19:39:10.0
187,"{""en"": ""Film Production"", ""es"": ""Producción para Cine""}","{""en"": ""."", ""es"": "".""}",3,173,1,2018-06-19 17:12:24.0,2018-09-27 19:39:10.0
188,"{""en"": ""Film Postproduction"", ""es"": ""Post-Producción para Cine""}","{""en"": ""."", ""es"": "".""}",3,174,1,2018-06-19 17:14:07.0,2018-09-27 19:39:10.0
189,"{""en"": ""Casting Agency"", ""es"": ""Agencia de Casting""}","{""en"": ""."", ""es"": "".""}",3,175,1,2018-06-19 17:17:07.0,2018-09-27 19:39:10.0
190,"{""en"": ""Cinema Equipment Rental Information"", ""es"": ""Alquiler de Equipos Cinematógrafos""}","{""en"": ""."", ""es"": "".""}",3,176,1,2018-06-19 17:18:18.0,2018-10-10 19:14:32.0
191,"{""en"": ""Sports Center Experience"", ""es"": ""Experiencia de Centro Deportivo""}","{""en"": ""."", ""es"": "".""}",3,177,1,2018-06-19 17:25:23.0,2018-09-27 19:39:10.0
192,"{""en"": ""Fitness Center/Gym Information"", ""es"": ""Información de Gimnasio""}","{""en"": ""."", ""es"": "".""}",3,178,1,2018-06-19 17:34:47.0,2018-10-11 16:27:59.0
193,"{""en"": ""Sports Team"", ""es"": ""Equipo Deportivo""}","{""en"": ""."", ""es"": "".""}",3,179,1,2018-06-19 17:42:55.0,2018-09-27 19:39:10.0
194,"{""en"": ""Sport Bets Information"", ""es"": ""Información Apuestas Deportivas""}","{""en"": ""."", ""es"": "".""}",3,180,1,2018-06-19 18:22:22.0,2018-10-11 16:23:18.0
195,"{""en"": ""Casino"", ""es"": ""Casino""}","{""en"": ""."", ""es"": "".""}",3,181,1,2018-06-19 18:28:58.0,2018-09-27 19:39:10.0
196,"{""en"": ""Poker"", ""es"": ""Póker""}","{""en"": ""."", ""es"": "".""}",3,182,1,2018-06-19 18:33:18.0,2018-09-27 19:39:10.0
197,"{""en"": ""Group Classes"", ""es"": ""Clases Grupales""}","{""en"": ""."", ""es"": "".""}",3,183,1,2018-06-19 18:38:20.0,2018-09-27 19:39:10.0
198,"{""en"": ""Personal Training Information"", ""es"": ""Información de Entrenamientos Personales""}","{""en"": ""."", ""es"": "".""}",3,184,1,2018-06-19 18:41:15.0,2018-09-27 19:39:10.0
199,"{""en"": ""Spa Information"", ""es"": ""Información de Spa""}","{""en"": ""."", ""es"": "".""}",3,185,1,2018-06-19 18:48:15.0,2018-09-27 19:39:10.0
200,"{""en"": ""Programs Information"", ""es"": ""Información de Programas""}","{""en"": ""."", ""es"": "".""}",3,186,1,2018-06-19 18:56:32.0,2018-09-27 19:39:10.0
201,"{""en"": ""Tour Operator Information"", ""es"": ""Información de Tour Operador""}","{""en"": ""."", ""es"": "".""}",3,187,1,2018-06-19 19:00:51.0,2018-10-11 16:53:55.0
202,"{""en"": ""Travel Agency Information"", ""es"": ""Información de Agencia de Viajes""}","{""en"": ""."", ""es"": "".""}",3,188,1,2018-06-19 19:04:34.0,2018-09-27 19:39:10.0
203,"{""en"": ""Hotel Information"", ""es"": ""Información de Hotel""}","{""en"": ""."", ""es"": "".""}",3,189,1,2018-06-19 19:06:57.0,2018-09-27 19:39:10.0
204,"{""en"": ""Airline Information"", ""es"": ""Información de Aerolínea""}","{""en"": ""."", ""es"": "".""}",3,190,1,2018-06-19 19:22:40.0,2018-09-27 19:39:10.0
205,"{""en"": ""Printing Information"", ""es"": ""Información de Impresión""}","{""en"": ""Business, Company"", ""es"": ""Compañía, Negocios""}",3,191,1,2018-06-20 17:46:19.0,2018-10-11 18:26:26.0
206,"{""en"": ""Editing Information"", ""es"": ""Información de Edición""}","{""en"": ""."", ""es"": "".""}",3,192,1,2018-06-20 17:53:46.0,2018-09-27 19:39:10.0
207,"{""en"": ""Science & Technology Museum"", ""es"": ""Museo de Ciencia y Tecnología""}","{""en"": ""."", ""es"": "".""}",3,193,1,2018-06-20 18:12:26.0,2018-10-11 20:03:56.0
208,"{""en"": ""Theater Information"", ""es"": ""Información de Teatro""}","{""en"": ""."", ""es"": "".""}",3,194,1,2018-06-20 18:14:57.0,2018-09-27 19:39:10.0
209,"{""en"": ""Gallery Information"", ""es"": ""Información de Galería""}","{""en"": ""."", ""es"": "".""}",3,195,1,2018-06-20 18:20:49.0,2018-09-27 19:39:10.0
210,"{""en"": ""Art School"", ""es"": ""Escuela de Arte""}","{""en"": ""."", ""es"": "".""}",3,196,1,2018-06-20 18:29:49.0,2018-09-27 19:39:10.0
211,"{""en"": ""Art Museum Information"", ""es"": ""Información de Museo de Arte""}","{""en"": ""."", ""es"": "".""}",3,197,1,2018-06-20 18:39:28.0,2018-10-11 19:30:18.0
212,"{""en"": ""Natural History Museum"", ""es"": ""Museo de Historia Natural""}","{""en"": ""."", ""es"": "".""}",3,198,1,2018-06-20 18:55:07.0,2018-09-27 19:39:10.0
213,"{""en"": ""History Museum"", ""es"": ""Museo de Historia""}","{""en"": ""."", ""es"": "".""}",3,199,1,2018-06-20 19:03:33.0,2018-09-27 19:39:10.0
214,"{""en"": ""Teppanyaki Information"", ""es"": ""Información de Teppanyaki""}","{""en"": ""."", ""es"": "".""}",3,200,1,2018-06-20 19:10:15.0,2018-10-12 16:31:43.0
215,"{""en"": ""Barbecue Information"", ""es"": ""Información de Barbacoa""}","{""en"": ""Business, Company, Barbacoa, Parrillada"", ""es"": ""Compañía, Negocios, Barbacoa, Parrillada""}",3,201,1,2018-06-20 19:17:21.0,2018-10-12 16:46:04.0
216,"{""en"": ""Architectural Drawing & Design"", ""es"": ""Dibujo y Diseño Arquitectónico""}","{""en"": ""."", ""es"": "".""}",3,202,1,2018-06-20 19:23:15.0,2018-09-27 19:39:10.0
217,"{""en"": ""Fast Food Offer"", ""es"": ""Oferta de Comida Rápida""}","{""en"": ""."", ""es"": "".""}",3,203,1,2018-06-20 19:30:05.0,2018-09-27 19:39:10.0
218,"{""en"": ""Interior Design"", ""es"": ""Diseño de Interiores""}","{""en"": ""."", ""es"": "".""}",3,204,1,2018-06-20 19:31:04.0,2018-09-27 19:39:10.0
219,"{""en"": ""Construction Information"", ""es"": ""Información de Construcción""}","{""en"": ""."", ""es"": "".""}",3,205,1,2018-06-20 19:31:09.0,2018-09-27 19:39:10.0
220,"{""en"": ""Buffet Information"", ""es"": ""Información de Buffet""}","{""en"": ""."", ""es"": "".""}",3,206,1,2018-06-20 19:44:57.0,2018-10-11 20:34:10.0
221,"{""en"": ""Fusion Information"", ""es"": ""Información de Fusión""}","{""en"": ""."", ""es"": "".""}",3,207,1,2018-06-20 19:48:57.0,2018-09-27 19:39:10.0
222,"{""en"": ""Themed Bar"", ""es"": ""Bar Temático""}","{""en"": ""."", ""es"": "".""}",3,208,1,2018-06-20 19:51:12.0,2018-09-27 19:39:10.0
223,"{""en"": ""Cooking Information"", ""es"": ""Información de Cocina""}","{""en"": ""Haute Cuisine"", ""es"": ""Alta cocina""}",3,209,1,2018-06-20 19:51:37.0,2018-09-27 19:39:10.0
224,"{""en"": ""Cafeteria Information"", ""es"": ""Información de Cafetería""}","{""en"": ""."", ""es"": "".""}",3,210,1,2018-06-20 19:52:26.0,2018-10-11 20:22:03.0
225,"{""en"": ""Wine Bar Information"", ""es"": ""Información de Bar de Vinos""}","{""en"": ""."", ""es"": "".""}",3,211,1,2018-06-21 14:01:21.0,2018-10-12 16:50:39.0
226,"{""en"": ""Brewery Information"", ""es"": ""Información de Cervecería""}","{""en"": ""."", ""es"": "".""}",3,212,1,2018-06-21 14:05:44.0,2018-09-27 19:39:10.0
227,"{""en"": ""Wine Cellar Information"", ""es"": ""Información Vinícola""}","{""en"": ""."", ""es"": "".""}",3,213,1,2018-06-21 14:11:54.0,2018-10-12 17:03:24.0
228,"{""en"": ""Food Supply Information"", ""es"": ""Suministro de Alimentos""}","{""en"": ""Warehouse Information"", ""es"": ""Información de Almacén""}",3,214,1,2018-06-21 14:16:46.0,2018-09-27 19:39:11.0
229,"{""en"": ""Butchery Information"", ""es"": ""Información de Carnicería""}","{""en"": ""Butcher shop Information"", ""es"": ""Información de Carnicería""}",3,215,1,2018-06-21 14:20:10.0,2018-10-12 17:15:14.0
230,"{""en"": ""Language School"", ""es"": ""Escuela de Idiomas""}","{""en"": ""Language school Information"", ""es"": ""Información de Escuela de idiomas""}",3,216,1,2018-06-21 14:21:27.0,2018-09-27 19:39:11.0
231,"{""en"": ""Software Engineering"", ""es"": ""Ingeniería de Software""}","{""en"": ""Software engineering (Company) Information"", ""es"": ""Información de Ingeniería de software (Compañía)""}",3,217,1,2018-06-21 14:41:15.0,2018-09-27 19:39:11.0
232,"{""en"": ""Databases Information"", ""es"": ""Información de Bases de Datos""}","{""en"": ""Databases (Company) Information"", ""es"": ""Información de Bases de datos (Compañia)""}",3,218,1,2018-06-21 14:51:31.0,2018-09-27 19:39:11.0
233,"{""en"": ""University Information"", ""es"": ""Información de la Universidad""}","{""en"": ""University/College Information"", ""es"": ""Información de Universidad""}",3,219,1,2018-06-21 14:52:09.0,2018-09-27 19:39:11.0
234,"{""en"": ""Services Information"", ""es"": ""Información de Servicios""}","{""en"": ""Service Information"", ""es"": ""Información de Servicio""}",3,220,1,2018-06-21 15:19:12.0,2018-10-12 18:43:37.0
235,"{""en"": ""Bass Player Information"", ""es"": ""Información de Bajista""}","{""en"": ""."", ""es"": "".""}",3,221,1,2018-09-11 16:39:47.0,2018-09-27 19:39:11.0
236,"{""en"": ""Track Information"", ""es"": ""Información de Pista""}","{""en"": ""."", ""es"": "".""}",3,222,1,2018-09-11 17:04:39.0,2018-09-27 19:39:11.0
237,"{""en"": ""Armory Information"", ""es"": ""Información de Armería""}","{""en"": ""Scenic Combat, stage combat, weapons, firearms, props"", ""es"": ""Combate escénico, combate en escena, armas, armas de fuego, accesorios""}",3,62,1,2018-09-14 19:30:01.0,2018-09-27 19:39:08.0
238,"{""en"": ""Video Editing Information"", ""es"": ""Información de Edición de Video""}","{""en"": ""."", ""es"": "".""}",3,9,1,2018-09-14 20:18:48.0,2018-09-27 19:39:07.0
239,"{""en"": ""Combat Sports Training"", ""es"": ""Entrenamiento en Deportes de Combate""}","{""en"": ""."", ""es"": "".""}",3,6,1,2018-09-19 18:08:31.0,2020-02-12 15:30:17.0
240,"{""en"": ""Tabletop Games Information"", ""es"": ""Información de Juegos de Mesa""}","{""en"": ""."", ""es"": "".""}",3,92,1,2018-09-27 15:28:09.0,2018-09-27 19:39:08.0
241,"{""en"": ""Restaurant Information"", ""es"": ""Información de Restaurante""}","{""en"": ""."", ""es"": "".""}",3,201,1,2018-10-12 15:52:59.0,2018-10-12 15:54:28.0
242,"{""en"": ""Tabletop Cooking Information"", ""es"": ""Información de Cocina Sobre Mesa""}","{""en"": ""."", ""es"": "".""}",3,201,1,2018-10-12 16:21:03.0,2018-10-12 16:22:48.0
